{"initial_reset_timestamp": 1622164416.3992338, "timestamps": [1622164462.6603096], "episode_lengths": [1781], "episode_rewards": [53.0], "episode_types": ["t"]}