{"initial_reset_timestamp": 1622164370.1447341, "timestamps": [1622164416.3616629], "episode_lengths": [1778], "episode_rewards": [9.0], "episode_types": ["t"]}