{"initial_reset_timestamp": 1622164227.6026888, "timestamps": [1622164277.7265408], "episode_lengths": [1780], "episode_rewards": [37.0], "episode_types": ["t"]}