{"initial_reset_timestamp": 1622164124.7942092, "timestamps": [1622164175.442206], "episode_lengths": [1779], "episode_rewards": [34.0], "episode_types": ["t"]}