{"initial_reset_timestamp": 1622164277.8130138, "timestamps": [1622164323.7792697], "episode_lengths": [1781], "episode_rewards": [21.0], "episode_types": ["t"]}