{"initial_reset_timestamp": 1622164323.8078246, "timestamps": [1622164370.1036787], "episode_lengths": [1777], "episode_rewards": [6.0], "episode_types": ["t"]}