{"initial_reset_timestamp": 1622164646.3855941, "timestamps": [1622164692.6022942], "episode_lengths": [1782], "episode_rewards": [61.0], "episode_types": ["t"]}