{"initial_reset_timestamp": 1622164077.3293388, "timestamps": [1622164124.7314057], "episode_lengths": [1779], "episode_rewards": [-54.0], "episode_types": ["t"]}