{"initial_reset_timestamp": 1622164175.5187163, "timestamps": [1622164227.5214834], "episode_lengths": [1778], "episode_rewards": [40.0], "episode_types": ["t"]}