{"initial_reset_timestamp": 1622164031.6605542, "timestamps": [1622164077.2712593], "episode_lengths": [1781], "episode_rewards": [16.0], "episode_types": ["t"]}